customer_id,customer_name
1,ANON-0000-0000-0001
2,ANON-0000-0000-0002
3,ANON-0000-0000-0003
4,ANON-0000-0000-0004
5,ANON-0000-0000-0005
6,ANON-0000-0000-0006
7,ANON-0000-0000-0007
8,ANON-0000-0000-0008
9,ANON-0000-0000-0009
10,ANON-0000-0000-0010
11,Unknown
12,ANON-0000-0000-0011
13,ANON-0000-0000-0012
14,ANON-0000-0000-0013
15,ANON-0000-0000-0014
16,ANON-0000-0000-0015
17,ANON-0000-0000-0016
18,ANON-0000-0000-0017
19,ANON-0000-0000-0018
20,ANON-0000-0000-0019
21,ANON-0000-0000-0020
22,ANON-0000-0000-0021
23,ANON-0000-0000-0022
24,ANON-0000-0000-0023
25,ANON-0000-0000-0024
26,ANON-0000-0000-0025
27,ANON-0000-0000-0026
28,ANON-0000-0000-0027
29,ANON-0000-0000-0028
30,ANON-0000-0000-0029
31,ANON-0000-0000-0030
32,ANON-0000-0000-0031
33,ANON-0000-0000-0032
34,ANON-0000-0000-0033
35,ANON-0000-0000-0034
36,ANON-0000-0000-0035
37,ANON-0000-0000-0036
38,ANON-0000-0000-0037
39,ANON-0000-0000-0038
40,ANON-0000-0000-0039
41,ANON-0000-0000-0040
42,ANON-0000-0000-0041
43,ANON-0000-0000-0042
44,ANON-0000-0000-0043
45,ANON-0000-0000-0044
46,ANON-0000-0000-0045
47,ANON-0000-0000-0046
48,ANON-0000-0000-0047
49,ANON-0000-0000-0048
50,ANON-0000-0000-0049
51,ANON-0000-0000-0050
52,ANON-0000-0000-0051
53,ANON-0000-0000-0052
54,ANON-0000-0000-0053
55,ANON-0000-0000-0054
56,ANON-0000-0000-0055
57,ANON-0000-0000-0056
58,ANON-0000-0000-0057
59,ANON-0000-0000-0058
60,ANON-0000-0000-0059
61,ANON-0000-0000-0060
62,ANON-0000-0000-0061
63,ANON-0000-0000-0062
64,ANON-0000-0000-0063
65,ANON-0000-0000-0064
66,ANON-0000-0000-0065
67,ANON-0000-0000-0066
68,ANON-0000-0000-0067
69,ANON-0000-0000-0068
70,ANON-0000-0000-0069
71,ANON-0000-0000-0070
72,ANON-0000-0000-0071
73,ANON-0000-0000-0072
74,ANON-0000-0000-0073
75,ANON-0000-0000-0074
76,ANON-0000-0000-0075
77,ANON-0000-0000-0076
78,ANON-0000-0000-0077
79,ANON-0000-0000-0078
80,ANON-0000-0000-0079
81,ANON-0000-0000-0080
82,ANON-0000-0000-0081
83,ANON-0000-0000-0082
84,ANON-0000-0000-0083
85,ANON-0000-0000-0084
86,ANON-0000-0000-0085
87,ANON-0000-0000-0086
88,ANON-0000-0000-0087
89,ANON-0000-0000-0088
90,ANON-0000-0000-0089
91,ANON-0000-0000-0090
92,ANON-0000-0000-0091
93,ANON-0000-0000-0092
94,ANON-0000-0000-0093
95,ANON-0000-0000-0094
96,ANON-0000-0000-0095
97,ANON-0000-0000-0096
98,ANON-0000-0000-0097
99,ANON-0000-0000-0098
100,ANON-0000-0000-0099
101,ANON-0000-0000-0100
102,ANON-0000-0000-0101
103,ANON-0000-0000-0102
104,ANON-0000-0000-0103
105,ANON-0000-0000-0104
106,ANON-0000-0000-0105
107,ANON-0000-0000-0106
108,ANON-0000-0000-0107
109,ANON-0000-0000-0108
110,ANON-0000-0000-0109
111,ANON-0000-0000-0110
112,ANON-0000-0000-0111
113,ANON-0000-0000-0112
114,ANON-0000-0000-0113
115,ANON-0000-0000-0114
116,ANON-0000-0000-0115
117,ANON-0000-0000-0116
118,ANON-0000-0000-0117
119,ANON-0000-0000-0118
120,ANON-0000-0000-0119
121,ANON-0000-0000-0120
122,ANON-0000-0000-0121
123,ANON-0000-0000-0122
124,ANON-0000-0000-0123
125,ANON-0000-0000-0124
126,ANON-0000-0000-0125
127,ANON-0000-0000-0126
128,ANON-0000-0000-0127
129,ANON-0000-0000-0128
130,ANON-0000-0000-0129
131,ANON-0000-0000-0130
132,ANON-0000-0000-0131
133,ANON-0000-0000-0132
134,ANON-0000-0000-0133
135,ANON-0000-0000-0134
136,ANON-0000-0000-0135
137,ANON-0000-0000-0136
138,ANON-0000-0000-0137
139,ANON-0000-0000-0138
140,ANON-0000-0000-0139
141,ANON-0000-0000-0140
142,ANON-0000-0000-0141
143,ANON-0000-0000-0142
144,ANON-0000-0000-0143
145,ANON-0000-0000-0144
146,ANON-0000-0000-0145
147,ANON-0000-0000-0146
148,ANON-0000-0000-0147
149,ANON-0000-0000-0148
150,ANON-0000-0000-0149
151,ANON-0000-0000-0150
152,ANON-0000-0000-0151
153,ANON-0000-0000-0152
154,ANON-0000-0000-0153
155,ANON-0000-0000-0154
156,ANON-0000-0000-0155
157,ANON-0000-0000-0156
158,ANON-0000-0000-0157
159,ANON-0000-0000-0158
160,ANON-0000-0000-0159
161,ANON-0000-0000-0160
162,ANON-0000-0000-0161
163,ANON-0000-0000-0162
164,ANON-0000-0000-0163
165,ANON-0000-0000-0164
166,ANON-0000-0000-0165
167,ANON-0000-0000-0166
168,ANON-0000-0000-0167
169,ANON-0000-0000-0168
170,ANON-0000-0000-0169
171,ANON-0000-0000-0170
172,ANON-0000-0000-0171
173,ANON-0000-0000-0172
174,ANON-0000-0000-0173
175,ANON-0000-0000-0174
176,ANON-0000-0000-0175
177,ANON-0000-0000-0176
178,ANON-0000-0000-0177
179,ANON-0000-0000-0178
180,ANON-0000-0000-0179
181,ANON-0000-0000-0180
182,ANON-0000-0000-0181
183,ANON-0000-0000-0182
184,ANON-0000-0000-0183
185,ANON-0000-0000-0184
186,ANON-0000-0000-0185
187,ANON-0000-0000-0186
188,ANON-0000-0000-0187
189,ANON-0000-0000-0188
190,ANON-0000-0000-0189
191,ANON-0000-0000-0190
192,ANON-0000-0000-0191
193,ANON-0000-0000-0192
194,ANON-0000-0000-0193
195,ANON-0000-0000-0194
196,ANON-0000-0000-0195
197,ANON-0000-0000-0196
198,ANON-0000-0000-0197
199,ANON-0000-0000-0198
200,ANON-0000-0000-0199
201,ANON-0000-0000-0200
202,ANON-0000-0000-0201
203,ANON-0000-0000-0202
204,ANON-0000-0000-0203
205,ANON-0000-0000-0204
206,ANON-0000-0000-0205
207,ANON-0000-0000-0206
208,ANON-0000-0000-0207
209,ANON-0000-0000-0208
210,ANON-0000-0000-0209
211,ANON-0000-0000-0210
212,ANON-0000-0000-0211
213,ANON-0000-0000-0212
214,ANON-0000-0000-0213
215,ANON-0000-0000-0214
216,ANON-0000-0000-0215
217,ANON-0000-0000-0216
218,ANON-0000-0000-0217
219,ANON-0000-0000-0218
220,ANON-0000-0000-0219
221,ANON-0000-0000-0220
222,ANON-0000-0000-0221
223,ANON-0000-0000-0222
224,ANON-0000-0000-0223
225,ANON-0000-0000-0224
226,ANON-0000-0000-0225
227,ANON-0000-0000-0226
228,ANON-0000-0000-0227
229,ANON-0000-0000-0228
230,ANON-0000-0000-0229
231,ANON-0000-0000-0230
232,ANON-0000-0000-0231
233,ANON-0000-0000-0232
234,ANON-0000-0000-0233
235,ANON-0000-0000-0234
236,ANON-0000-0000-0235
237,ANON-0000-0000-0236
238,ANON-0000-0000-0237
239,ANON-0000-0000-0238
240,ANON-0000-0000-0239
241,ANON-0000-0000-0240
242,ANON-0000-0000-0241
243,ANON-0000-0000-0242
244,ANON-0000-0000-0243
245,ANON-0000-0000-0244
246,ANON-0000-0000-0245
247,ANON-0000-0000-0246
248,ANON-0000-0000-0247
249,ANON-0000-0000-0248
250,ANON-0000-0000-0249
251,ANON-0000-0000-0250
252,ANON-0000-0000-0251
253,ANON-0000-0000-0252
254,ANON-0000-0000-0253
255,ANON-0000-0000-0254
256,ANON-0000-0000-0255
257,ANON-0000-0000-0256
258,ANON-0000-0000-0257
259,ANON-0000-0000-0258
260,ANON-0000-0000-0259
261,ANON-0000-0000-0260
262,ANON-0000-0000-0261
263,ANON-0000-0000-0262
264,ANON-0000-0000-0263
265,ANON-0000-0000-0264
266,ANON-0000-0000-0265
267,ANON-0000-0000-0266
268,ANON-0000-0000-0267
269,ANON-0000-0000-0268
270,ANON-0000-0000-0269
271,ANON-0000-0000-0270
272,ANON-0000-0000-0271
273,ANON-0000-0000-0272
274,ANON-0000-0000-0273
275,ANON-0000-0000-0274
276,ANON-0000-0000-0275
277,ANON-0000-0000-0276
278,ANON-0000-0000-0277
279,ANON-0000-0000-0278
280,ANON-0000-0000-0279
281,ANON-0000-0000-0280
282,ANON-0000-0000-0281
283,ANON-0000-0000-0282
284,ANON-0000-0000-0283
285,ANON-0000-0000-0284
286,ANON-0000-0000-0285
287,ANON-0000-0000-0286
288,ANON-0000-0000-0287
289,ANON-0000-0000-0288
290,ANON-0000-0000-0289
291,ANON-0000-0000-0290
292,ANON-0000-0000-0291
293,ANON-0000-0000-0292
294,ANON-0000-0000-0293
295,ANON-0000-0000-0294
296,ANON-0000-0000-0295
297,ANON-0000-0000-0296
298,ANON-0000-0000-0297
299,ANON-0000-0000-0298
300,ANON-0000-0000-0299
301,ANON-0000-0000-0300
302,ANON-0000-0000-0301
303,ANON-0000-0000-0302
304,ANON-0000-0000-0303
305,ANON-0000-0000-0304
306,ANON-0000-0000-0305
307,ANON-0000-0000-0306
308,ANON-0000-0000-0307
309,ANON-0000-0000-0308
310,ANON-0000-0000-0309
311,ANON-0000-0000-0310
312,ANON-0000-0000-0311
313,ANON-0000-0000-0312
314,ANON-0000-0000-0313
315,ANON-0000-0000-0314
316,ANON-0000-0000-0315
317,ANON-0000-0000-0316
318,ANON-0000-0000-0317
319,ANON-0000-0000-0318
320,ANON-0000-0000-0319
321,ANON-0000-0000-0320
322,ANON-0000-0000-0321
323,ANON-0000-0000-0322
324,ANON-0000-0000-0323
325,ANON-0000-0000-0324
326,ANON-0000-0000-0325
327,ANON-0000-0000-0326
328,ANON-0000-0000-0327
329,ANON-0000-0000-0328
330,ANON-0000-0000-0329
331,ANON-0000-0000-0330
332,ANON-0000-0000-0331
333,ANON-0000-0000-0332
334,ANON-0000-0000-0333
335,ANON-0000-0000-0334
336,ANON-0000-0000-0335
337,ANON-0000-0000-0336
338,ANON-0000-0000-0337
339,ANON-0000-0000-0338
340,ANON-0000-0000-0339
341,ANON-0000-0000-0340
342,ANON-0000-0000-0341
343,ANON-0000-0000-0342
344,ANON-0000-0000-0343
345,ANON-0000-0000-0344
346,ANON-0000-0000-0345
347,ANON-0000-0000-0346
348,ANON-0000-0000-0347
349,ANON-0000-0000-0348
350,ANON-0000-0000-0349
351,ANON-0000-0000-0350
352,ANON-0000-0000-0351
353,ANON-0000-0000-0352
354,ANON-0000-0000-0353
355,ANON-0000-0000-0354
356,ANON-0000-0000-0355
357,ANON-0000-0000-0356
358,ANON-0000-0000-0357
359,ANON-0000-0000-0358
360,ANON-0000-0000-0359
361,ANON-0000-0000-0360
362,ANON-0000-0000-0361
363,ANON-0000-0000-0362
364,ANON-0000-0000-0363
365,ANON-0000-0000-0364
366,ANON-0000-0000-0365
367,ANON-0000-0000-0366
368,ANON-0000-0000-0367
369,ANON-0000-0000-0368
370,ANON-0000-0000-0369
371,ANON-0000-0000-0370
372,ANON-0000-0000-0371
373,ANON-0000-0000-0372
374,ANON-0000-0000-0373
375,ANON-0000-0000-0374
376,ANON-0000-0000-0375
377,ANON-0000-0000-0376
378,ANON-0000-0000-0377
379,ANON-0000-0000-0378
380,ANON-0000-0000-0379
381,ANON-0000-0000-0380
382,ANON-0000-0000-0381
383,ANON-0000-0000-0382
384,ANON-0000-0000-0383
385,ANON-0000-0000-0384
386,ANON-0000-0000-0385
387,ANON-0000-0000-0386
388,ANON-0000-0000-0387
389,ANON-0000-0000-0388
390,ANON-0000-0000-0389
391,ANON-0000-0000-0390
392,ANON-0000-0000-0391
393,ANON-0000-0000-0392
394,ANON-0000-0000-0393
395,ANON-0000-0000-0394
396,ANON-0000-0000-0395
397,ANON-0000-0000-0396
398,ANON-0000-0000-0397
399,ANON-0000-0000-0398
400,ANON-0000-0000-0399
401,ANON-0000-0000-0400
402,ANON-0000-0000-0401
403,ANON-0000-0000-0402
404,ANON-0000-0000-0403
405,ANON-0000-0000-0404
406,ANON-0000-0000-0405
407,ANON-0000-0000-0406
408,ANON-0000-0000-0407
409,ANON-0000-0000-0408
410,ANON-0000-0000-0409
411,ANON-0000-0000-0410
412,ANON-0000-0000-0411
413,ANON-0000-0000-0412
414,ANON-0000-0000-0413
415,ANON-0000-0000-0414
416,ANON-0000-0000-0415
417,ANON-0000-0000-0416
418,ANON-0000-0000-0417
419,ANON-0000-0000-0418
420,ANON-0000-0000-0419
421,ANON-0000-0000-0420
422,ANON-0000-0000-0421
423,ANON-0000-0000-0422
424,ANON-0000-0000-0423
425,ANON-0000-0000-0424
426,ANON-0000-0000-0425
427,ANON-0000-0000-0426
428,ANON-0000-0000-0427
429,ANON-0000-0000-0428
430,ANON-0000-0000-0429
431,ANON-0000-0000-0430
432,ANON-0000-0000-0431
433,ANON-0000-0000-0432
434,ANON-0000-0000-0433
435,ANON-0000-0000-0434
436,ANON-0000-0000-0435
437,ANON-0000-0000-0436
438,ANON-0000-0000-0437
439,ANON-0000-0000-0438
440,ANON-0000-0000-0439
441,ANON-0000-0000-0440
442,ANON-0000-0000-0441
443,ANON-0000-0000-0442
444,ANON-0000-0000-0443
445,ANON-0000-0000-0444
446,ANON-0000-0000-0445
447,ANON-0000-0000-0446
448,ANON-0000-0000-0447
449,ANON-0000-0000-0448
450,ANON-0000-0000-0449
451,ANON-0000-0000-0450
452,ANON-0000-0000-0451
453,ANON-0000-0000-0452
454,ANON-0000-0000-0453
455,ANON-0000-0000-0454
456,ANON-0000-0000-0455
457,ANON-0000-0000-0456
458,ANON-0000-0000-0457
459,ANON-0000-0000-0458
460,ANON-0000-0000-0459
461,ANON-0000-0000-0460
462,ANON-0000-0000-0461
463,ANON-0000-0000-0462
464,ANON-0000-0000-0463
465,ANON-0000-0000-0464
466,ANON-0000-0000-0465
467,ANON-0000-0000-0466
468,ANON-0000-0000-0467
469,ANON-0000-0000-0468
470,ANON-0000-0000-0469
471,ANON-0000-0000-0470
472,ANON-0000-0000-0471
473,ANON-0000-0000-0472
474,ANON-0000-0000-0473
475,ANON-0000-0000-0474
476,ANON-0000-0000-0475
477,ANON-0000-0000-0476
478,ANON-0000-0000-0477
479,ANON-0000-0000-0478
480,ANON-0000-0000-0479
481,ANON-0000-0000-0480
482,ANON-0000-0000-0481
483,ANON-0000-0000-0482
484,ANON-0000-0000-0483
485,ANON-0000-0000-0484
486,ANON-0000-0000-0485
487,ANON-0000-0000-0486
488,ANON-0000-0000-0487
489,ANON-0000-0000-0488
490,ANON-0000-0000-0489
491,ANON-0000-0000-0490
492,ANON-0000-0000-0491
493,ANON-0000-0000-0492
494,ANON-0000-0000-0493
495,ANON-0000-0000-0494
496,ANON-0000-0000-0495
497,ANON-0000-0000-0496
498,ANON-0000-0000-0497
499,ANON-0000-0000-0498
500,ANON-0000-0000-0499
501,ANON-0000-0000-0500
502,ANON-0000-0000-0501
503,ANON-0000-0000-0502
504,ANON-0000-0000-0503
505,ANON-0000-0000-0504
506,ANON-0000-0000-0505
507,ANON-0000-0000-0506
508,ANON-0000-0000-0507
509,ANON-0000-0000-0508
510,ANON-0000-0000-0509
511,ANON-0000-0000-0510
512,ANON-0000-0000-0511
513,ANON-0000-0000-0512
514,ANON-0000-0000-0513
515,ANON-0000-0000-0514
516,ANON-0000-0000-0515
517,ANON-0000-0000-0516
518,ANON-0000-0000-0517
519,ANON-0000-0000-0518
520,ANON-0000-0000-0519
521,ANON-0000-0000-0520
522,ANON-0000-0000-0521
523,ANON-0000-0000-0522
524,ANON-0000-0000-0523
525,ANON-0000-0000-0524
526,ANON-0000-0000-0525
527,ANON-0000-0000-0526
528,ANON-0000-0000-0527
529,ANON-0000-0000-0528
530,ANON-0000-0000-0529
531,ANON-0000-0000-0530
532,ANON-0000-0000-0531
533,ANON-0000-0000-0532
534,ANON-0000-0000-0533
535,ANON-0000-0000-0534
536,ANON-0000-0000-0535
537,ANON-0000-0000-0536
538,ANON-0000-0000-0537
539,ANON-0000-0000-0538
540,ANON-0000-0000-0539
541,ANON-0000-0000-0540
542,ANON-0000-0000-0541
543,ANON-0000-0000-0542
544,ANON-0000-0000-0543
545,ANON-0000-0000-0544
546,ANON-0000-0000-0545
547,ANON-0000-0000-0546
548,ANON-0000-0000-0547
549,ANON-0000-0000-0548
550,ANON-0000-0000-0549
551,ANON-0000-0000-0550
552,ANON-0000-0000-0551
553,ANON-0000-0000-0552
554,ANON-0000-0000-0553
555,ANON-0000-0000-0554
556,ANON-0000-0000-0555
557,ANON-0000-0000-0556
558,ANON-0000-0000-0557
559,ANON-0000-0000-0558
560,ANON-0000-0000-0559
561,ANON-0000-0000-0560
562,ANON-0000-0000-0561
563,ANON-0000-0000-0562
564,ANON-0000-0000-0563
565,ANON-0000-0000-0564
566,ANON-0000-0000-0565
567,ANON-0000-0000-0566
568,ANON-0000-0000-0567
569,ANON-0000-0000-0568
570,ANON-0000-0000-0569
571,ANON-0000-0000-0570
572,ANON-0000-0000-0571
573,ANON-0000-0000-0572
574,ANON-0000-0000-0573
575,ANON-0000-0000-0574
576,ANON-0000-0000-0575
577,ANON-0000-0000-0576
578,ANON-0000-0000-0577
579,ANON-0000-0000-0578
580,ANON-0000-0000-0579
581,ANON-0000-0000-0580
582,ANON-0000-0000-0581
583,ANON-0000-0000-0582
584,ANON-0000-0000-0583
585,ANON-0000-0000-0584
586,ANON-0000-0000-0585
587,ANON-0000-0000-0586
588,ANON-0000-0000-0587
589,ANON-0000-0000-0588
590,ANON-0000-0000-0589
591,ANON-0000-0000-0590
592,ANON-0000-0000-0591
593,ANON-0000-0000-0592
594,ANON-0000-0000-0593
595,ANON-0000-0000-0594
596,ANON-0000-0000-0595
597,ANON-0000-0000-0596
598,ANON-0000-0000-0597
599,ANON-0000-0000-0598
600,ANON-0000-0000-0599
601,ANON-0000-0000-0600
602,ANON-0000-0000-0601
603,ANON-0000-0000-0602
604,ANON-0000-0000-0603
605,ANON-0000-0000-0604
606,ANON-0000-0000-0605
607,ANON-0000-0000-0606
608,ANON-0000-0000-0607
609,ANON-0000-0000-0608
610,ANON-0000-0000-0609
611,ANON-0000-0000-0610
612,ANON-0000-0000-0611
613,ANON-0000-0000-0612
614,ANON-0000-0000-0613
615,ANON-0000-0000-0614
616,ANON-0000-0000-0615
617,ANON-0000-0000-0616
618,ANON-0000-0000-0617
619,ANON-0000-0000-0618
620,ANON-0000-0000-0619
621,ANON-0000-0000-0620
622,ANON-0000-0000-0621
623,ANON-0000-0000-0622
624,ANON-0000-0000-0623
625,ANON-0000-0000-0624
626,ANON-0000-0000-0625
627,ANON-0000-0000-0626
628,ANON-0000-0000-0627
629,ANON-0000-0000-0628
630,ANON-0000-0000-0629
631,ANON-0000-0000-0630
632,ANON-0000-0000-0631
633,ANON-0000-0000-0632
634,ANON-0000-0000-0633
635,ANON-0000-0000-0634
636,ANON-0000-0000-0635
637,ANON-0000-0000-0636
638,ANON-0000-0000-0637
639,ANON-0000-0000-0638
640,ANON-0000-0000-0639
641,ANON-0000-0000-0640
642,ANON-0000-0000-0641
643,ANON-0000-0000-0642
644,ANON-0000-0000-0643
645,ANON-0000-0000-0644
646,ANON-0000-0000-0645
647,ANON-0000-0000-0646
648,ANON-0000-0000-0647
649,ANON-0000-0000-0648
650,ANON-0000-0000-0649
651,ANON-0000-0000-0650
652,ANON-0000-0000-0651
653,ANON-0000-0000-0652
654,ANON-0000-0000-0653
655,ANON-0000-0000-0654
656,ANON-0000-0000-0655
657,ANON-0000-0000-0656
658,ANON-0000-0000-0657
659,ANON-0000-0000-0658
660,ANON-0000-0000-0659
661,ANON-0000-0000-0660
662,ANON-0000-0000-0661
663,ANON-0000-0000-0662
664,ANON-0000-0000-0663
665,ANON-0000-0000-0664
666,ANON-0000-0000-0665
667,ANON-0000-0000-0666
668,ANON-0000-0000-0667
669,ANON-0000-0000-0668
670,ANON-0000-0000-0669
671,ANON-0000-0000-0670
672,ANON-0000-0000-0671
673,ANON-0000-0000-0672
674,ANON-0000-0000-0673
675,ANON-0000-0000-0674
676,ANON-0000-0000-0675
677,ANON-0000-0000-0676
678,ANON-0000-0000-0677
679,ANON-0000-0000-0678
680,ANON-0000-0000-0679
681,ANON-0000-0000-0680
682,ANON-0000-0000-0681
683,ANON-0000-0000-0682
684,ANON-0000-0000-0683
685,ANON-0000-0000-0684
686,ANON-0000-0000-0685
687,ANON-0000-0000-0686
688,ANON-0000-0000-0687
689,ANON-0000-0000-0688
690,ANON-0000-0000-0689
691,ANON-0000-0000-0690
692,ANON-0000-0000-0691
693,ANON-0000-0000-0692
694,ANON-0000-0000-0693
695,ANON-0000-0000-0694
696,ANON-0000-0000-0695
697,ANON-0000-0000-0696
698,ANON-0000-0000-0697
699,ANON-0000-0000-0698
700,ANON-0000-0000-0699
701,ANON-0000-0000-0700
702,ANON-0000-0000-0701
703,ANON-0000-0000-0702
704,ANON-0000-0000-0703
705,ANON-0000-0000-0704
706,ANON-0000-0000-0705
707,ANON-0000-0000-0706
708,ANON-0000-0000-0707
709,ANON-0000-0000-0708
710,ANON-0000-0000-0709
711,ANON-0000-0000-0710
712,ANON-0000-0000-0711
713,ANON-0000-0000-0712
714,ANON-0000-0000-0713
715,ANON-0000-0000-0714
716,ANON-0000-0000-0715
717,ANON-0000-0000-0716
718,ANON-0000-0000-0717
719,ANON-0000-0000-0718
720,ANON-0000-0000-0719
721,ANON-0000-0000-0720
722,ANON-0000-0000-0721
723,ANON-0000-0000-0722
724,ANON-0000-0000-0723
725,ANON-0000-0000-0724
726,ANON-0000-0000-0725
727,ANON-0000-0000-0726
728,ANON-0000-0000-0727
729,ANON-0000-0000-0728
730,ANON-0000-0000-0729
731,ANON-0000-0000-0730
732,ANON-0000-0000-0731
733,ANON-0000-0000-0732
734,ANON-0000-0000-0733
735,ANON-0000-0000-0734
736,ANON-0000-0000-0735
737,ANON-0000-0000-0736
738,ANON-0000-0000-0737
739,ANON-0000-0000-0738
740,ANON-0000-0000-0739
741,ANON-0000-0000-0740
742,ANON-0000-0000-0741
743,ANON-0000-0000-0742
744,ANON-0000-0000-0743
745,ANON-0000-0000-0744
746,ANON-0000-0000-0745
747,ANON-0000-0000-0746
748,ANON-0000-0000-0747
749,ANON-0000-0000-0748
750,ANON-0000-0000-0749
751,ANON-0000-0000-0750
752,ANON-0000-0000-0751
753,ANON-0000-0000-0752
754,ANON-0000-0000-0753
755,ANON-0000-0000-0754
756,ANON-0000-0000-0755
757,ANON-0000-0000-0756
758,ANON-0000-0000-0757
759,ANON-0000-0000-0758
760,ANON-0000-0000-0759
761,ANON-0000-0000-0760
762,ANON-0000-0000-0761
763,ANON-0000-0000-0762
764,ANON-0000-0000-0763
765,ANON-0000-0000-0764
766,ANON-0000-0000-0765
767,ANON-0000-0000-0766
768,ANON-0000-0000-0767
769,ANON-0000-0000-0768
770,ANON-0000-0000-0769
771,ANON-0000-0000-0770
772,ANON-0000-0000-0771
773,ANON-0000-0000-0772
774,ANON-0000-0000-0773
775,ANON-0000-0000-0774
776,ANON-0000-0000-0775
777,ANON-0000-0000-0776
778,ANON-0000-0000-0777
779,ANON-0000-0000-0778
780,ANON-0000-0000-0779
781,ANON-0000-0000-0780
782,ANON-0000-0000-0781
783,ANON-0000-0000-0782
784,ANON-0000-0000-0783
785,ANON-0000-0000-0784
786,ANON-0000-0000-0785
787,ANON-0000-0000-0786
788,ANON-0000-0000-0787
789,ANON-0000-0000-0788
790,ANON-0000-0000-0789
791,ANON-0000-0000-0790
792,ANON-0000-0000-0791
793,ANON-0000-0000-0792
794,ANON-0000-0000-0793
795,ANON-0000-0000-0794
796,ANON-0000-0000-0795
797,ANON-0000-0000-0796
798,ANON-0000-0000-0797
799,ANON-0000-0000-0798
800,ANON-0000-0000-0799
801,ANON-0000-0000-0800
802,ANON-0000-0000-0801
803,ANON-0000-0000-0802
804,ANON-0000-0000-0803
805,ANON-0000-0000-0804
806,ANON-0000-0000-0805
807,ANON-0000-0000-0806
808,ANON-0000-0000-0807
809,ANON-0000-0000-0808
810,ANON-0000-0000-0809
811,ANON-0000-0000-0810
812,ANON-0000-0000-0811
813,ANON-0000-0000-0812
814,ANON-0000-0000-0813
815,ANON-0000-0000-0814
816,ANON-0000-0000-0815
817,ANON-0000-0000-0816
818,ANON-0000-0000-0817
819,ANON-0000-0000-0818
820,ANON-0000-0000-0819
821,ANON-0000-0000-0820
822,ANON-0000-0000-0821
823,ANON-0000-0000-0822
824,ANON-0000-0000-0823
825,ANON-0000-0000-0824
826,ANON-0000-0000-0825
827,ANON-0000-0000-0826
828,ANON-0000-0000-0827
829,ANON-0000-0000-0828
830,ANON-0000-0000-0829
831,ANON-0000-0000-0830
832,ANON-0000-0000-0831
833,ANON-0000-0000-0832
834,ANON-0000-0000-0833
835,ANON-0000-0000-0834
836,ANON-0000-0000-0835
837,ANON-0000-0000-0836
838,ANON-0000-0000-0837
839,ANON-0000-0000-0838
840,ANON-0000-0000-0839
841,ANON-0000-0000-0840
842,ANON-0000-0000-0841
843,ANON-0000-0000-0842
844,ANON-0000-0000-0843
845,ANON-0000-0000-0844
846,ANON-0000-0000-0845
847,ANON-0000-0000-0846
848,ANON-0000-0000-0847
849,ANON-0000-0000-0848
850,ANON-0000-0000-0849
851,ANON-0000-0000-0850
852,ANON-0000-0000-0851
853,ANON-0000-0000-0852
854,ANON-0000-0000-0853
855,ANON-0000-0000-0854
856,ANON-0000-0000-0855
857,ANON-0000-0000-0856
858,ANON-0000-0000-0857
859,ANON-0000-0000-0858
860,ANON-0000-0000-0859
861,ANON-0000-0000-0860
862,ANON-0000-0000-0861
863,ANON-0000-0000-0862
864,ANON-0000-0000-0863
865,ANON-0000-0000-0864
866,ANON-0000-0000-0865
867,ANON-0000-0000-0866
868,ANON-0000-0000-0867
869,ANON-0000-0000-0868
870,ANON-0000-0000-0869
871,ANON-0000-0000-0870
872,ANON-0000-0000-0871
873,ANON-0000-0000-0872
874,ANON-0000-0000-0873
875,ANON-0000-0000-0874
876,ANON-0000-0000-0875
877,ANON-0000-0000-0876
878,ANON-0000-0000-0877
879,ANON-0000-0000-0878
880,ANON-0000-0000-0879
881,ANON-0000-0000-0880
882,ANON-0000-0000-0881
883,ANON-0000-0000-0882
884,ANON-0000-0000-0883
885,ANON-0000-0000-0884
886,ANON-0000-0000-0885
887,ANON-0000-0000-0886
888,ANON-0000-0000-0887
889,ANON-0000-0000-0888
890,ANON-0000-0000-0889
891,ANON-0000-0000-0890
892,ANON-0000-0000-0891
893,ANON-0000-0000-0892
894,ANON-0000-0000-0893
895,ANON-0000-0000-0894
896,ANON-0000-0000-0895
897,ANON-0000-0000-0896
898,ANON-0000-0000-0897
899,ANON-0000-0000-0898
900,ANON-0000-0000-0899
901,ANON-0000-0000-0900
902,ANON-0000-0000-0901
903,ANON-0000-0000-0902
904,ANON-0000-0000-0903
905,ANON-0000-0000-0904
906,ANON-0000-0000-0905
907,ANON-0000-0000-0906
908,ANON-0000-0000-0907
909,ANON-0000-0000-0908
910,ANON-0000-0000-0909
911,ANON-0000-0000-0910
912,ANON-0000-0000-0911
913,ANON-0000-0000-0912
914,ANON-0000-0000-0913
915,ANON-0000-0000-0914
916,ANON-0000-0000-0915
917,ANON-0000-0000-0916
918,ANON-0000-0000-0917
919,ANON-0000-0000-0918
920,ANON-0000-0000-0919
921,ANON-0000-0000-0920
922,ANON-0000-0000-0921
923,ANON-0000-0000-0922
924,ANON-0000-0000-0923
925,ANON-0000-0000-0924
926,ANON-0000-0000-0925
927,ANON-0000-0000-0926
928,ANON-0000-0000-0927
929,ANON-0000-0000-0928
930,ANON-0000-0000-0929
931,ANON-0000-0000-0930
932,ANON-0000-0000-0931
933,ANON-0000-0000-0932
934,ANON-0000-0000-0933
935,ANON-0000-0000-0934
936,ANON-0000-0000-0935
937,ANON-0000-0000-0936
938,ANON-0000-0000-0937
939,ANON-0000-0000-0938
940,ANON-0000-0000-0939
941,ANON-0000-0000-0940
942,ANON-0000-0000-0941
943,ANON-0000-0000-0942
944,ANON-0000-0000-0943
945,ANON-0000-0000-0944
946,ANON-0000-0000-0945
947,ANON-0000-0000-0946
948,ANON-0000-0000-0947
949,ANON-0000-0000-0948
950,ANON-0000-0000-0949
951,ANON-0000-0000-0950
952,ANON-0000-0000-0951
953,ANON-0000-0000-0952
954,ANON-0000-0000-0953
955,ANON-0000-0000-0954
956,ANON-0000-0000-0955
957,ANON-0000-0000-0956
958,ANON-0000-0000-0957
959,ANON-0000-0000-0958
960,ANON-0000-0000-0959
961,ANON-0000-0000-0960
962,ANON-0000-0000-0961
963,ANON-0000-0000-0962
964,ANON-0000-0000-0963
965,ANON-0000-0000-0964
966,ANON-0000-0000-0965
967,ANON-0000-0000-0966
968,ANON-0000-0000-0967
969,ANON-0000-0000-0968
970,ANON-0000-0000-0969
971,ANON-0000-0000-0970
972,ANON-0000-0000-0971
973,ANON-0000-0000-0972
974,ANON-0000-0000-0973
975,ANON-0000-0000-0974
976,ANON-0000-0000-0975
977,ANON-0000-0000-0976
978,ANON-0000-0000-0977
979,ANON-0000-0000-0978
980,ANON-0000-0000-0979
981,ANON-0000-0000-0980
982,ANON-0000-0000-0981
983,ANON-0000-0000-0982
984,ANON-0000-0000-0983
985,ANON-0000-0000-0984
986,ANON-0000-0000-0985
987,ANON-0000-0000-0986
988,ANON-0000-0000-0987
989,ANON-0000-0000-0988
990,ANON-0000-0000-0989
991,ANON-0000-0000-0990
992,ANON-0000-0000-0991
993,ANON-0000-0000-0992
994,ANON-0000-0000-0993
995,ANON-0000-0000-0994
996,ANON-0000-0000-0995
997,ANON-0000-0000-0996
998,ANON-0000-0000-0997
999,ANON-0000-0000-0998
1000,ANON-0000-0000-0999
1001,ANON-0000-0000-1000
1002,ANON-0000-0000-1001
1003,ANON-0000-0000-1002
1004,ANON-0000-0000-1003
1005,ANON-0000-0000-1004
1006,ANON-0000-0000-1005
1007,ANON-0000-0000-1006
1008,ANON-0000-0000-1007
1009,ANON-0000-0000-1008
1010,ANON-0000-0000-1009
1011,ANON-0000-0000-1010
1012,ANON-0000-0000-1011
1013,ANON-0000-0000-1012
1014,ANON-0000-0000-1013
1015,ANON-0000-0000-1014
1016,ANON-0000-0000-1015
1017,ANON-0000-0000-1016
1018,ANON-0000-0000-1017
1019,ANON-0000-0000-1018
1020,ANON-0000-0000-1019
1021,ANON-0000-0000-1020
1022,ANON-0000-0000-1021
1023,ANON-0000-0000-1022
1024,ANON-0000-0000-1023
1025,ANON-0000-0000-1024
1026,ANON-0000-0000-1025
1027,ANON-0000-0000-1026
1028,ANON-0000-0000-1027
1029,ANON-0000-0000-1028
1030,ANON-0000-0000-1029
1031,ANON-0000-0000-1030
1032,ANON-0000-0000-1031
1033,ANON-0000-0000-1032
1034,ANON-0000-0000-1033
1035,ANON-0000-0000-1034
1036,ANON-0000-0000-1035
1037,ANON-0000-0000-1036
1038,ANON-0000-0000-1037
1039,ANON-0000-0000-1038
1040,ANON-0000-0000-1039
1041,ANON-0000-0000-1040
1042,ANON-0000-0000-1041
1043,ANON-0000-0000-1042
1044,ANON-0000-0000-1043
1045,ANON-0000-0000-1044
1046,ANON-0000-0000-1045
1047,ANON-0000-0000-1046
1048,ANON-0000-0000-1047
1049,ANON-0000-0000-1048
1050,ANON-0000-0000-1049
1051,ANON-0000-0000-1050
1052,ANON-0000-0000-1051
1053,ANON-0000-0000-1052
1054,ANON-0000-0000-1053
1055,ANON-0000-0000-1054
1056,ANON-0000-0000-1055
1057,ANON-0000-0000-1056
1058,ANON-0000-0000-1057
1059,ANON-0000-0000-1058
1060,ANON-0000-0000-1059
1061,ANON-0000-0000-1060
1062,ANON-0000-0000-1061
1063,ANON-0000-0000-1062
1064,ANON-0000-0000-1063
1065,ANON-0000-0000-1064
1066,ANON-0000-0000-1065
1067,ANON-0000-0000-1066
1068,ANON-0000-0000-1067
1069,ANON-0000-0000-1068
1070,ANON-0000-0000-1069
1071,ANON-0000-0000-1070
1072,ANON-0000-0000-1071
1073,ANON-0000-0000-1072
1074,ANON-0000-0000-1073
1075,ANON-0000-0000-1074
1076,ANON-0000-0000-1075
1077,ANON-0000-0000-1076
1078,ANON-0000-0000-1077
1079,ANON-0000-0000-1078
1080,ANON-0000-0000-1079
1081,ANON-0000-0000-1080
1082,ANON-0000-0000-1081
1083,ANON-0000-0000-1082
1084,ANON-0000-0000-1083
1085,ANON-0000-0000-1084
1086,ANON-0000-0000-1085
1087,ANON-0000-0000-1086
1088,ANON-0000-0000-1087
1089,ANON-0000-0000-1088
1090,ANON-0000-0000-1089
1091,ANON-0000-0000-1090
1092,ANON-0000-0000-1091
1093,ANON-0000-0000-1092
1094,ANON-0000-0000-1093
1095,ANON-0000-0000-1094
1096,ANON-0000-0000-1095
1097,ANON-0000-0000-1096
1098,ANON-0000-0000-1097
1099,ANON-0000-0000-1098
1100,ANON-0000-0000-1099
1101,ANON-0000-0000-1100
1102,ANON-0000-0000-1101
1103,ANON-0000-0000-1102
1104,ANON-0000-0000-1103
1105,ANON-0000-0000-1104
1106,ANON-0000-0000-1105
1107,ANON-0000-0000-1106
1108,ANON-0000-0000-1107
1109,ANON-0000-0000-1108
1110,ANON-0000-0000-1109
1111,ANON-0000-0000-1110
1112,ANON-0000-0000-1111
1113,ANON-0000-0000-1112
1114,ANON-0000-0000-1113
1115,ANON-0000-0000-1114
1116,ANON-0000-0000-1115
1117,ANON-0000-0000-1116
1118,ANON-0000-0000-1117
1119,ANON-0000-0000-1118
1120,ANON-0000-0000-1119
1121,ANON-0000-0000-1120
1122,ANON-0000-0000-1121
1123,ANON-0000-0000-1122
1124,ANON-0000-0000-1123
1125,ANON-0000-0000-1124
1126,ANON-0000-0000-1125
1127,ANON-0000-0000-1126
1128,ANON-0000-0000-1127
1129,ANON-0000-0000-1128
1130,ANON-0000-0000-1129
1131,ANON-0000-0000-1130
1132,ANON-0000-0000-1131
1133,ANON-0000-0000-1132
1134,ANON-0000-0000-1133
1135,ANON-0000-0000-1134
1136,ANON-0000-0000-1135
1137,ANON-0000-0000-1136
1138,ANON-0000-0000-1137
1139,ANON-0000-0000-1138
1140,ANON-0000-0000-1139
1141,ANON-0000-0000-1140
1142,ANON-0000-0000-1141
1143,ANON-0000-0000-1142
1144,ANON-0000-0000-1143
1145,ANON-0000-0000-1144
1146,ANON-0000-0000-1145
1147,ANON-0000-0000-1146
1148,ANON-0000-0000-1147
1149,ANON-0000-0000-1148
1150,ANON-0000-0000-1149
1151,ANON-0000-0000-1150
1152,ANON-0000-0000-1151
1153,ANON-0000-0000-1152
1154,ANON-0000-0000-1153
1155,ANON-0000-0000-1154
1156,ANON-0000-0000-1155
1157,ANON-0000-0000-1156
1158,ANON-0000-0000-1157
1159,ANON-0000-0000-1158
1160,ANON-0000-0000-1159
1161,ANON-0000-0000-1160
1162,ANON-0000-0000-1161
1163,ANON-0000-0000-1162
1164,ANON-0000-0000-1163
1165,ANON-0000-0000-1164
1166,ANON-0000-0000-1165
1167,ANON-0000-0000-1166
1168,ANON-0000-0000-1167
1169,ANON-0000-0000-1168
1170,ANON-0000-0000-1169
1171,ANON-0000-0000-1170
1172,ANON-0000-0000-1171
1173,ANON-0000-0000-1172
1174,ANON-0000-0000-1173
1175,ANON-0000-0000-1174
1176,ANON-0000-0000-1175
1177,ANON-0000-0000-1176
1178,ANON-0000-0000-1177
1179,ANON-0000-0000-1178
1180,ANON-0000-0000-1179
1181,ANON-0000-0000-1180
1182,ANON-0000-0000-1181
1183,ANON-0000-0000-1182
1184,ANON-0000-0000-1183
1185,ANON-0000-0000-1184
1186,ANON-0000-0000-1185
1187,ANON-0000-0000-1186
1188,ANON-0000-0000-1187
1189,ANON-0000-0000-1188
1190,ANON-0000-0000-1189
1191,ANON-0000-0000-1190
1192,ANON-0000-0000-1191
1193,ANON-0000-0000-1192
1194,ANON-0000-0000-1193
1195,ANON-0000-0000-1194
1196,ANON-0000-0000-1195
1197,ANON-0000-0000-1196
1198,ANON-0000-0000-1197
1199,ANON-0000-0000-1198
1200,ANON-0000-0000-1199
1201,ANON-0000-0000-1200
1202,ANON-0000-0000-1201
1203,ANON-0000-0000-1202
1204,ANON-0000-0000-1203
1205,ANON-0000-0000-1204
1206,ANON-0000-0000-1205
1207,ANON-0000-0000-1206
1208,ANON-0000-0000-1207
1209,ANON-0000-0000-1208
1210,ANON-0000-0000-1209
1211,ANON-0000-0000-1210
1212,ANON-0000-0000-1211
1213,ANON-0000-0000-1212
1214,ANON-0000-0000-1213
1215,ANON-0000-0000-1214
1216,ANON-0000-0000-1215
1217,ANON-0000-0000-1216
1218,ANON-0000-0000-1217
1219,ANON-0000-0000-1218
1220,ANON-0000-0000-1219
1221,ANON-0000-0000-1220
1222,ANON-0000-0000-1221
1223,ANON-0000-0000-1222
1224,ANON-0000-0000-1223
1225,ANON-0000-0000-1224
1226,ANON-0000-0000-1225
1227,ANON-0000-0000-1226
1228,ANON-0000-0000-1227
1229,ANON-0000-0000-1228
1230,ANON-0000-0000-1229
1231,ANON-0000-0000-1230
1232,ANON-0000-0000-1231
1233,ANON-0000-0000-1232
1234,ANON-0000-0000-1233
1235,ANON-0000-0000-1234
1236,ANON-0000-0000-1235
1237,ANON-0000-0000-1236
1238,ANON-0000-0000-1237
1239,ANON-0000-0000-1238
1240,ANON-0000-0000-1239
1241,ANON-0000-0000-1240
1242,ANON-0000-0000-1241
1243,ANON-0000-0000-1242
1244,ANON-0000-0000-1243
1245,ANON-0000-0000-1244
1246,ANON-0000-0000-1245
1247,ANON-0000-0000-1246
1248,ANON-0000-0000-1247
